{"cameraMode":{"drawMode":0,"name":"Shaded","section":"Shading Mode"},"sceneLighting":false,"audioPlay":false,"sceneViewState":{"m_AlwaysRefresh":false,"showFog":true,"showSkybox":false,"showFlares":true,"showImageEffects":true,"showParticleSystems":true,"showVisualEffectGraphs":true,"m_FxEnabled":true},"in2DMode":false,"pivot":{"x":3.0324463844299318,"y":-0.8966901302337647,"z":0.6534444093704224},"rotation":{"x":0.11384589970111847,"y":0.7543097734451294,"z":0.13585564494132996,"w":-0.6321494579315186},"size":0.1662692427635193,"orthographic":false}